<?xml version="1.0" standalone="yes"?>
<mi:PackageInstaller xmlns:mi="http://www.composite.net/ns/management/packageinstaller/1.0">
	<mi:PackageRequirements minimumCompositeVersion="3.0.0.0" maximumCompositeVersion="9.9999.9999.9999" />
	<mi:PackageInformation name="CphCloud.Packages.UrlAlias" groupName="CphCloud" version="1.0.0" author="CPH Cloud Company" website="http://cphcloud.com" readMoreUrl="http://c1packages.cphcloud.com/url-aliases" id="a987718f-d648-444b-a054-c53e1a34c18b" canBeUninstalled="true" systemLocking="hard" flushOnCompletion="true" reloadConsoleOnCompletion="true">
		<TechnicalDetails>This package adds a node to the System perspective where users can manage a static datatype (IUrlAlias). Also an HttpModule is registered in Web.Config that intercepts all requests and attemps to find a IUrlAlias that matches the request. If such a match is found, the request is being redirected based on the rules of the IUrlAlias. Note: The installer does not register the Http module in system.web/httpModules and thus will not work in the web server build into Visual Studio (Cassini). Please use IIS Express or add the http module manually.</TechnicalDetails>
		<Description>Enables Composite users to easily manage a list of "Url Aliases" that can redirect requests to other pages on the site or to completely different websites. This is useful for making short rememberable urls for pages, for redirecting requests to pages that have been moved or when a url must redirect to a different website.</Description>
	</mi:PackageInformation>
	<mi:PackageFragmentInstallerBinaries />
	<mi:PackageFragmentInstallers>
		<mi:Add installerType="Composite.Core.PackageSystem.PackageFragmentInstallers.FilePackageFragmentInstaller, Composite" uninstallerType="Composite.Core.PackageSystem.PackageFragmentInstallers.FilePackageFragmentUninstaller, Composite">
			<Files>
				<File sourceFilename="~\App_Data\Composite\TreeDefinitions\UrlAliasTreeDefinition.xml" targetFilename="~\App_Data\Composite\TreeDefinitions\UrlAliasTreeDefinition.xml" allowOverwrite="false" />
				<File sourceFilename="~\App_Data\Composite\DynamicTypeForms\CphCloud\Packages\UrlAlias\Data\IUrlAlias.xml" targetFilename="~\App_Data\Composite\DynamicTypeForms\CphCloud\Packages\UrlAlias\Data\IUrlAlias.xml" allowOverwrite="false" />
				<File sourceFilename="~\Bin\CphCloud.Packages.UrlAlias.dll" targetFilename="~\Bin\CphCloud.Packages.UrlAlias.dll" allowOverwrite="false" />
			</Files>
		</mi:Add>
		<mi:Add installerType="Composite.Core.PackageSystem.PackageFragmentInstallers.FileXslTransformationPackageFragmentInstaller, Composite" uninstallerType="Composite.Core.PackageSystem.PackageFragmentInstallers.FileXslTransformationPackageFragmentUninstaller, Composite">
			<XslFiles>
				<XslFile pathXml="~/Web.config" installXsl="~\Web.config\Install.xsl" uninstallXsl="~\Web.config\Uninstall.xsl" />
			</XslFiles>
		</mi:Add>
	</mi:PackageFragmentInstallers>
</mi:PackageInstaller>